Rank,Peptide_ID,Sequence,Sequence_Length,Net_Charge_at_pH_7,Instability_Index,Docking_Score
1,TLDM_chain181.pdb,MRPEIWWAQELRRNGDENNAYYA,23,-1.492121167,80.2,-181.907
2,TLDM_chain083.pdb,MRPEIWIAQERRRIGDEWNAY,21,-0.491132166,94.9952381,-171.053
3,TLDM_chain129.pdb,MRPEIWAAQELRRIGDEWNAY,21,-1.491122166,69.73333333,-163.878
4,TLDM_chain160.pdb,MRPEIWAAQEIRRIRDEWNAY,21,-0.491132166,69.73333333,-158.352
5,TLDM_chain063.pdb,MRPEIWWAQEERRIGDEFNAYYARRKK,27,1.508671293,96.95185185,-156.237
6,TLDM_chain105.pdb,MRPEIWAAQELRRIGDEWNA,20,-1.490123165,72.72,-153.447
7,TLDM_chain011.pdb,MRPEIWIAQEERRIGDEFNA,20,-2.487312703,88.25,-150.42
8,TLDM_chain175.pdb,MRPEIWAAQERRRIGDEWNA,20,-0.490133165,91.73,-150.416
9,TLDM_chain177.pdb,MRPEIWIAQEARRIGDEWN,19,-1.490123165,73.79473684,-149.87
10,TLDM_chain161.pdb,MRPEIWIAQEWRRIGDEFNAY,21,-1.491122166,61.84285714,-149.789
11,TLDM_chain087.pdb,MRPEIWAAQEIRRIWDE,17,-1.484885886,85.37058824,-141.642
12,TLDM_chain050.pdb,MRPEIWWAQELRRIIDENNAYYA,23,-1.492121167,81.36956522,-140.747
13,TLDM_chain106.pdb,MRPEIWIAQELRRVIDEWNA,20,-1.490123165,80.235,-139.457
14,TLDM_chain119.pdb,MRPEIWIAQERRRIRDENNAYYA,23,0.507858833,104.4347826,-134.788
15,TLDM_chain150.pdb,MRPEIWIAQELRRRNDEWNA,20,-0.490133165,115.045,-133.34
16,TLDM_chain005.pdb,MRPEIWAQELRRFGDENNAY,20,-1.491122166,74.065,-124.291
17,TLDM_chain163.pdb,MRPEIWAAQEFRRIGDE,17,-1.484885886,74.04117647,-123.05
18,TLDM_chain135.pdb,MRPEIWIAQEIRRIWE,16,-0.486006646,99.475,-121.664
19,TLDM_chain162.pdb,MRPEIWIAQERRRIWDENNA,20,-0.490133165,100.59,-120.378
20,TLDM_chain130.pdb,MRPEIWIAQELRRINDENN,19,-1.490123165,85.34736842,-116.68
